Comment,Designator,Footprint,LCSC Part #
RP2040 (Dual-Core Cortex-M0+ MCU),U1,Package_DFN_QFN:QFN-56-1EP_7x7mm_P0.4mm_EP3.2x3.2mm,C2040
PY25Q32HB-SSH-IR (4MB SPI Flash SOP-8),U2,Package_SO:SOIC-8_3.9x4.9mm_P1.27mm,C22439001
CH334F (USB 2.0 High-Speed 4-Port Hub QFN-24),U3,Package_DFN_QFN:QFN-24-1EP_4x4mm_P0.5mm_EP2.6x2.6mm,C5187527
TPS22918DBVR (5V 2A Load Switch SOT-23-6),U4,Package_TO_SOT_SMD:SOT-23-6,C131941
CH440R (High-Speed USB Switch TSSOP-16),U5,Package_SO:TSSOP-16_4.4x5mm_P0.65mm,C282323
ME6211C33M5G-N (3.3V 500mA LDO SOT-23-5),U6,Package_TO_SOT_SMD:SOT-23-5,C82942
USBLC6-2SC6 (USB ESD Protection SOT-23-6),U7,Package_TO_SOT_SMD:SOT-23-6,C7519
WS2812B-2020 (Addressable RGB LED),D1,LED_SMD:LED_WS2812B-2020_PLCC4_2.0x2.0mm,C2843785
12.000MHz SMD Crystal 3225-4P,"Y1, Y2",Crystal:Crystal_SMD_3225-4Pin_3.2x2.5mm,C9002
KMR231NGLFS (Tactile Button 4.2x2.8mm),SW1,Button_Switch_SMD:SW_Push_1P1T_NO_CK_KMR2,C221679
nSMD200 (PTC Resettable Fuse 2A 1206),F1,Fuse:Fuse_1206_3216Metric,C70085
USB-A Male Plug SMD+TH (Hand Solder),J1,Connector_USB:USB_A_CNCTech_1001-011-01101_Horizontal,C77873
USB-A Female Receptacle RA TH,J2,Connector_USB:USB_A_Molex_67643_Horizontal,C2344
27R 1% 0603,"R1, R2",Resistor_SMD:R_0603_1608Metric,C25114
10k 1% 0603,"R5, R6",Resistor_SMD:R_0603_1608Metric,C25804
15pF 50V C0G 0603,"C1, C2",Capacitor_SMD:C_0603_1608Metric,C1644
100nF 50V X7R 0603,"C3, C4, C5",Capacitor_SMD:C_0603_1608Metric,C14663
1uF 50V X7R 0603,C11,Capacitor_SMD:C_0603_1608Metric,C15849
10uF 16V X5R 0603,"C13, C14, C15, C17",Capacitor_SMD:C_0603_1608Metric,C19702
