"Refs","Value","Footprint","Qty","DNP"
"C1,C2","15pF","Capacitor_SMD:C_0603_1608Metric","2",""
"C3-C5","100nF","Capacitor_SMD:C_0603_1608Metric","3",""
"C11","1uF","Capacitor_SMD:C_0603_1608Metric","1",""
"C13-C15,C17","10uF","Capacitor_SMD:C_0603_1608Metric","4",""
"D1","WS2812B","LED_SMD:LED_WS2812B-2020_PLCC4_2.0x2.0mm","1",""
"F1","PTC 2A","Fuse:Fuse_1206_3216Metric","1",""
"J1","USB_A_Male","Connector_USB:USB_A_CNCTech_1001-011-01101_Horizontal","1",""
"J2","USB_A_Female","Connector_USB:USB_A_Molex_67643_Horizontal","1",""
"R1,R2","27R","Resistor_SMD:R_0603_1608Metric","2",""
"R5,R6","10k","Resistor_SMD:R_0603_1608Metric","2",""
"SW1","USER_BTN","Button_Switch_SMD:SW_Push_1P1T_NO_CK_KMR2","1",""
"TP1","BOOT","TestPoint:TestPoint_Pad_D1.0mm","1",""
"TP2","RESET","TestPoint:TestPoint_Pad_D1.0mm","1",""
"TP3","GND","TestPoint:TestPoint_Pad_D1.0mm","1",""
"U1","RP2040","Package_DFN_QFN:QFN-56-1EP_7x7mm_P0.4mm_EP3.2x3.2mm","1",""
"U2","W25Q32","Package_SO:SOIC-8_3.9x4.9mm_P1.27mm","1",""
"U3","CH334F","Package_DFN_QFN:QFN-24-1EP_4x4mm_P0.5mm_EP2.6x2.6mm","1",""
"U4","TPS22918","Package_TO_SOT_SMD:SOT-23-6","1",""
"U5","CH440P","Package_SO:TSSOP-16_4.4x5mm_P0.65mm","1",""
"U6","ME6211C33","Package_TO_SOT_SMD:SOT-23-5","1",""
"U7","USBLC6-2SC6","Package_TO_SOT_SMD:SOT-23-6","1",""
"Y1,Y2","12.000MHz","Crystal:Crystal_SMD_3225-4Pin_3.2x2.5mm","2",""
