Ref,Val,Package,PosX,PosY,Rot,Side
"C1","15pF","C_0603_1608Metric",136.000000,-114.275000,90.000000,top
"C2","15pF","C_0603_1608Metric",138.000000,-114.275000,90.000000,top
"C3","100nF","C_0603_1608Metric",120.000000,-106.000000,0.000000,top
"C4","100nF","C_0603_1608Metric",125.000000,-103.500000,0.000000,top
"C5","100nF","C_0603_1608Metric",125.000000,-116.000000,0.000000,top
"C11","1uF","C_0603_1608Metric",120.000000,-103.500000,0.000000,top
"C13","10uF","C_0603_1608Metric",117.000000,-103.500000,90.000000,top
"C14","10uF","C_0603_1608Metric",117.500000,-112.500000,90.000000,top
"C15","10uF","C_0603_1608Metric",117.500000,-116.500000,90.000000,top
"C17","10uF","C_0603_1608Metric",146.000000,-107.225000,90.000000,top
"D1","WS2812B","LED_WS2812B-2020_PLCC4_2.0x2.0mm",137.000000,-110.500000,90.000000,top
"F1","PTC 2A","Fuse_1206_3216Metric",113.500000,-104.500000,90.000000,top
"J1","USB_A_Male","USB_A_CNCTech_1001-011-01101_Horizontal",100.000000,-110.000000,180.000000,top
"J2","USB_A_Female","USB_A_Molex_67643_Horizontal",150.000000,-113.500000,90.000000,top
"R1","27R","R_0603_1608Metric",125.500000,-108.000000,90.000000,top
"R2","27R","R_0603_1608Metric",125.500000,-111.000000,90.000000,top
"R5","10k","R_0603_1608Metric",142.500000,-108.000000,0.000000,top
"R6","10k","R_0603_1608Metric",143.000000,-117.500000,0.000000,top
"SW1","USER_BTN","SW_Push_1P1T_NO_CK_KMR2",130.000000,-103.500000,0.000000,top
"U1","RP2040","QFN-56-1EP_7x7mm_P0.4mm_EP3.2x3.2mm",131.000000,-110.000000,0.000000,top
"U2","W25Q32","SOIC-8_3.9x4.9mm_P1.27mm",138.000000,-104.500000,90.000000,top
"U3","CH334F","QFN-24-1EP_4x4mm_P0.5mm_EP2.6x2.6mm",121.000000,-110.000000,0.000000,top
"U4","TPS22918","SOT-23-6",143.000000,-104.000000,0.000000,top
"U5","CH440P","TSSOP-16_4.4x5mm_P0.65mm",143.000000,-112.500000,0.000000,top
"U6","ME6211C33","SOT-23-5",113.500000,-115.500000,180.000000,top
"U7","USBLC6-2SC6","SOT-23-6",113.500000,-109.500000,0.000000,top
"Y1","12.000MHz","Crystal_SMD_3225-4Pin_3.2x2.5mm",130.000000,-116.000000,0.000000,top
"Y2","12.000MHz","Crystal_SMD_3225-4Pin_3.2x2.5mm",121.000000,-116.000000,0.000000,top
